{
  "variant": "tfr_only",
  "preprocessing": "prep_domain_norm",
  "tfr_type": "stft",
  "variant_run_name": "tfr_only",
  "experiment_name": "baseline",
  "threshold_config": 0.5,
  "threshold_used": 0.32671770453453064,
  "best_threshold_source_val_f1": 0.32671770453453064,
  "source_val": {
    "roc_auc": 1.0,
    "pr_auc": 1.0,
    "f1": 1.0,
    "tn": 71,
    "fp": 0,
    "fn": 0,
    "tp": 9,
    "loss": 0.4644652187824249
  },
  "target_test": {
    "roc_auc": 0.8333333333333334,
    "pr_auc": 0.4770833333333333,
    "f1": 0.18181818181818182,
    "tn": 0,
    "fp": 72,
    "fn": 0,
    "tp": 8,
    "loss": 0.4990506410598755
  },
  "run_name": "tfr_only"
}