{
  "variant": "tfr_only",
  "source_val": {
    "roc_auc": 1.0,
    "pr_auc": 0.9999999999999999,
    "f1": 0.0,
    "tn": 162,
    "fp": 0,
    "fn": 10,
    "tp": 0,
    "loss": 0.13583945123435454
  },
  "target_test": {
    "roc_auc": 1.0,
    "pr_auc": 0.9999999999999999,
    "f1": 0.0,
    "tn": 162,
    "fp": 0,
    "fn": 10,
    "tp": 0,
    "loss": 0.15739772711382355
  }
}