{
  "variant": "raw_only",
  "source_val": {
    "roc_auc": 1.0,
    "pr_auc": 1.0,
    "f1": 0.0,
    "tn": 77,
    "fp": 0,
    "fn": 3,
    "tp": 0,
    "loss": 0.11637551970779896
  },
  "target_test": {
    "roc_auc": 1.0,
    "pr_auc": 1.0,
    "f1": 0.0,
    "tn": 73,
    "fp": 0,
    "fn": 7,
    "tp": 0,
    "loss": 0.24905820712447166
  }
}