{
  "variant": "tfr_only",
  "source_val": {
    "roc_auc": 1.0,
    "pr_auc": 1.0,
    "f1": 0.0,
    "tn": 77,
    "fp": 0,
    "fn": 3,
    "tp": 0,
    "loss": 0.07967343423515558
  },
  "target_test": {
    "roc_auc": 0.9843444227005871,
    "pr_auc": 0.827437641723356,
    "f1": 0.0,
    "tn": 73,
    "fp": 0,
    "fn": 7,
    "tp": 0,
    "loss": 0.14381631556898355
  }
}