{
  "variant": "fused",
  "source_val": {
    "roc_auc": 1.0,
    "pr_auc": 1.0,
    "f1": 0.0,
    "tn": 77,
    "fp": 0,
    "fn": 3,
    "tp": 0,
    "loss": 0.11265221746871248
  },
  "target_test": {
    "roc_auc": 1.0,
    "pr_auc": 0.9999999999999998,
    "f1": 0.0,
    "tn": 73,
    "fp": 0,
    "fn": 7,
    "tp": 0,
    "loss": 0.3029893239727244
  }
}