{
  "variant": "fused",
  "source_val": {
    "roc_auc": 0.686875,
    "pr_auc": 0.713613509443022,
    "f1": 0.0,
    "tn": 40,
    "fp": 0,
    "fn": 40,
    "tp": 0,
    "loss": 0.7139052271842956
  },
  "target_test": {
    "roc_auc": 0.470625,
    "pr_auc": 0.6096238971029591,
    "f1": 0.0,
    "tn": 40,
    "fp": 0,
    "fn": 40,
    "tp": 0,
    "loss": 0.7160974442958832
  }
}