{
  "variant": "fused",
  "source_val": {
    "roc_auc": 0.686875,
    "pr_auc": 0.713613509443022,
    "f1": 0.0,
    "tn": 40,
    "fp": 0,
    "fn": 40,
    "tp": 0,
    "loss": 0.7139186143875123
  },
  "target_test": {
    "roc_auc": 0.47000000000000003,
    "pr_auc": 0.6093984069068806,
    "f1": 0.0,
    "tn": 40,
    "fp": 0,
    "fn": 40,
    "tp": 0,
    "loss": 0.7161104440689087
  }
}