{
  "variant": "tfr_only",
  "threshold_config": 0.5,
  "threshold_used": 0.32671260833740234,
  "best_threshold_source_val_f1": 0.32671260833740234,
  "source_val": {
    "roc_auc": 1.0,
    "pr_auc": 1.0,
    "f1": 1.0,
    "tn": 71,
    "fp": 0,
    "fn": 0,
    "tp": 9,
    "loss": 0.46445955634117125
  },
  "target_test": {
    "roc_auc": 0.8333333333333334,
    "pr_auc": 0.4770833333333333,
    "f1": 0.18181818181818182,
    "tn": 0,
    "fp": 72,
    "fn": 0,
    "tp": 8,
    "loss": 0.49904581904411316
  }
}