experiment,stage,source_val_roc_auc,target_test_roc_auc,source_val_pr_auc,target_test_pr_auc,source_val_f1,target_test_f1,delta_roc_auc,delta_pr_auc
raw_only,source_only,0.578125,0.65875,0.6629815917797807,0.69320496233707,0.6666666666666666,0.6666666666666666,-0.0806249999999999,-0.0302233705572892
tfr_only,source_only,0.696875,0.653125,0.7505473163273433,0.7227521110757176,0.7,0.6346153846153846,0.04375,0.0277952052516257
fused,source_only,0.686875,0.47,0.713613509443022,0.6093984069068806,0.7184466019417476,0.6379310344827587,0.2168749999999999,0.1042151025361414
fused,sfda_minimal,0.6524999999999999,0.62,0.7547749132405303,0.7185139846306312,0.3673469387755102,0.3673469387755102,0.03249999999999986,0.036260928609899046
fused,sfda_consistency,0.6518749999999999,0.616875,0.7540975733390525,0.7173280717262019,0.3673469387755102,0.3673469387755102,0.03499999999999992,0.03676950161285053
