{
  "variant": "raw_only",
  "source_val": {
    "roc_auc": 1.0,
    "pr_auc": 1.0000000000000002,
    "f1": 0.0,
    "tn": 23,
    "fp": 0,
    "fn": 9,
    "tp": 0,
    "loss": 0.6735053360462189
  },
  "target_test": {
    "roc_auc": 1.0,
    "pr_auc": 1.0,
    "f1": 0.0,
    "tn": 25,
    "fp": 0,
    "fn": 7,
    "tp": 0,
    "loss": 0.6690773367881775
  }
}