{
  "variant": "raw_only",
  "best_threshold_source_val_f1": 0.4026341736316681,
  "best_source_val_f1": 0.6666666666666666,
  "source_val": {
    "roc_auc": 0.578125,
    "pr_auc": 0.6629815917797807,
    "f1": 0.6666666666666666,
    "tn": 0,
    "fp": 40,
    "fn": 0,
    "tp": 40
  },
  "target_test": {
    "roc_auc": 0.65875,
    "pr_auc": 0.69320496233707,
    "f1": 0.6666666666666666,
    "tn": 0,
    "fp": 40,
    "fn": 0,
    "tp": 40
  },
  "delta_roc_auc": -0.08062499999999995,
  "delta_pr_auc": -0.030223370557289297
}