{
  "variant": "tfr_only",
  "preprocessing": "prep_filter",
  "tfr_type": "cwt",
  "variant_run_name": "tfr_only_cwt",
  "experiment_name": "baseline",
  "threshold_config": 0.5,
  "threshold_used": 0.21729996800422668,
  "best_threshold_source_val_f1": 0.21729996800422668,
  "source_val": {
    "roc_auc": 0.9874804381846636,
    "pr_auc": 0.9333333333333333,
    "f1": 0.875,
    "tn": 71,
    "fp": 0,
    "fn": 2,
    "tp": 7,
    "loss": 0.3834461748600006
  },
  "target_test": {
    "roc_auc": 0.7100694444444444,
    "pr_auc": 0.25336413586413586,
    "f1": 0.0,
    "tn": 72,
    "fp": 0,
    "fn": 8,
    "tp": 0,
    "loss": 0.3659630447626114
  },
  "run_name": "tfr_only"
}