{
  "variant": "fused",
  "threshold_used_source_val": 7.386250945273787e-05,
  "source_anomaly_rate": 0.1125,
  "target_threshold_before": 0.2587481886148453,
  "target_threshold_after": 0.29381324350833893,
  "before": {
    "source_val": {
      "roc_auc": 1.0,
      "pr_auc": 1.0,
      "f1": 1.0,
      "tn": 71,
      "fp": 0,
      "fn": 0,
      "tp": 9
    },
    "target_test_source_threshold": {
      "roc_auc": 0.8628472222222221,
      "pr_auc": 0.6376280066682544,
      "f1": 0.18181818181818182,
      "tn": 0,
      "fp": 72,
      "fn": 0,
      "tp": 8
    },
    "target_test_target_calibrated": {
      "roc_auc": 0.8628472222222221,
      "pr_auc": 0.6376280066682544,
      "f1": 0.6666666666666666,
      "tn": 72,
      "fp": 0,
      "fn": 4,
      "tp": 4
    }
  },
  "after": {
    "source_val": {
      "roc_auc": 1.0,
      "pr_auc": 1.0,
      "f1": 0.8,
      "tn": 71,
      "fp": 0,
      "fn": 3,
      "tp": 6
    },
    "target_test_source_threshold": {
      "roc_auc": 0.890625,
      "pr_auc": 0.6625587774294671,
      "f1": 0.18181818181818182,
      "tn": 0,
      "fp": 72,
      "fn": 0,
      "tp": 8
    },
    "target_test_target_calibrated": {
      "roc_auc": 0.890625,
      "pr_auc": 0.6625587774294671,
      "f1": 0.6666666666666666,
      "tn": 72,
      "fp": 0,
      "fn": 4,
      "tp": 4
    }
  },
  "delta": {
    "source_val_roc_auc": 0.0,
    "source_val_pr_auc": 0.0,
    "source_val_f1": -0.19999999999999996,
    "target_test_source_threshold_roc_auc": 0.0277777777777779,
    "target_test_source_threshold_pr_auc": 0.02493077076121275,
    "target_test_source_threshold_f1": 0.0,
    "target_test_target_calibrated_roc_auc": 0.0277777777777779,
    "target_test_target_calibrated_pr_auc": 0.02493077076121275,
    "target_test_target_calibrated_f1": 0.0
  },
  "target_threshold_before_info": {
    "mode": "upper_tail_gap",
    "raw_candidate": 0.2587481886148453,
    "tail_size": 32,
    "tail_min": 0.18428075313568115,
    "tail_max": 0.28924036026000977,
    "max_gap": 0.010468751192092896
  },
  "target_threshold_after_info": {
    "mode": "upper_tail_gap",
    "raw_candidate": 0.29381324350833893,
    "tail_size": 32,
    "tail_min": 0.1999146193265915,
    "tail_max": 0.33593884110450745,
    "max_gap": 0.01630041003227234
  }
}