{
  "variant": "fused",
  "threshold_used_source_val": 0.017108235508203506,
  "source_anomaly_rate": 0.1125,
  "target_threshold_before": 0.06664400920271873,
  "target_threshold_after": 0.07807857170701027,
  "before": {
    "source_val": {
      "roc_auc": 1.0,
      "pr_auc": 1.0,
      "f1": 1.0,
      "tn": 71,
      "fp": 0,
      "fn": 0,
      "tp": 9
    },
    "target_test_source_threshold": {
      "roc_auc": 0.9756944444444444,
      "pr_auc": 0.8498397435897436,
      "f1": 0.2318840579710145,
      "tn": 19,
      "fp": 53,
      "fn": 0,
      "tp": 8
    },
    "target_test_target_calibrated": {
      "roc_auc": 0.9756944444444444,
      "pr_auc": 0.8498397435897436,
      "f1": 0.2222222222222222,
      "tn": 72,
      "fp": 0,
      "fn": 7,
      "tp": 1
    }
  },
  "after": {
    "source_val": {
      "roc_auc": 1.0,
      "pr_auc": 1.0,
      "f1": 0.0,
      "tn": 71,
      "fp": 0,
      "fn": 9,
      "tp": 0
    },
    "target_test_source_threshold": {
      "roc_auc": 0.9340277777777778,
      "pr_auc": 0.6470914502164502,
      "f1": 0.26666666666666666,
      "tn": 28,
      "fp": 44,
      "fn": 0,
      "tp": 8
    },
    "target_test_target_calibrated": {
      "roc_auc": 0.9340277777777778,
      "pr_auc": 0.6470914502164502,
      "f1": 0.0,
      "tn": 72,
      "fp": 0,
      "fn": 8,
      "tp": 0
    }
  },
  "delta": {
    "source_val_roc_auc": 0.0,
    "source_val_pr_auc": 0.0,
    "source_val_f1": -1.0,
    "target_test_source_threshold_roc_auc": -0.04166666666666663,
    "target_test_source_threshold_pr_auc": -0.20274829337329336,
    "target_test_source_threshold_f1": 0.03478260869565217,
    "target_test_target_calibrated_roc_auc": -0.04166666666666663,
    "target_test_target_calibrated_pr_auc": -0.20274829337329336,
    "target_test_target_calibrated_f1": -0.2222222222222222
  },
  "target_threshold_before_info": {
    "mode": "upper_tail_gap",
    "raw_candidate": 0.06664400920271873,
    "tail_size": 32,
    "tail_min": 0.03064977563917637,
    "tail_max": 0.10194844007492065,
    "max_gap": 0.010487489402294159
  },
  "target_threshold_after_info": {
    "mode": "upper_tail_gap",
    "raw_candidate": 0.07807857170701027,
    "tail_size": 32,
    "tail_min": 0.030485162511467934,
    "tail_max": 0.10645338892936707,
    "max_gap": 0.021352581679821014
  }
}