{
  "variant": "fused",
  "threshold_used_source_val": 0.38506463170051575,
  "source_anomaly_rate": 0.1125,
  "target_threshold_before": 0.3767984062433243,
  "target_threshold_after": 0.3722084015607834,
  "before": {
    "source_val": {
      "roc_auc": 1.0,
      "pr_auc": 1.0,
      "f1": 1.0,
      "tn": 71,
      "fp": 0,
      "fn": 0,
      "tp": 9
    },
    "target_test_source_threshold": {
      "roc_auc": 0.9184027777777777,
      "pr_auc": 0.6933348187759953,
      "f1": 0.18181818181818182,
      "tn": 0,
      "fp": 72,
      "fn": 0,
      "tp": 8
    },
    "target_test_target_calibrated": {
      "roc_auc": 0.9184027777777777,
      "pr_auc": 0.6933348187759953,
      "f1": 0.18181818181818182,
      "tn": 0,
      "fp": 72,
      "fn": 0,
      "tp": 8
    }
  },
  "after": {
    "source_val": {
      "roc_auc": 1.0,
      "pr_auc": 1.0,
      "f1": 1.0,
      "tn": 71,
      "fp": 0,
      "fn": 0,
      "tp": 9
    },
    "target_test_source_threshold": {
      "roc_auc": 0.9930555555555556,
      "pr_auc": 0.931795634920635,
      "f1": 0.18181818181818182,
      "tn": 0,
      "fp": 72,
      "fn": 0,
      "tp": 8
    },
    "target_test_target_calibrated": {
      "roc_auc": 0.9930555555555556,
      "pr_auc": 0.931795634920635,
      "f1": 0.18181818181818182,
      "tn": 0,
      "fp": 72,
      "fn": 0,
      "tp": 8
    }
  },
  "delta": {
    "source_val_roc_auc": 0.0,
    "source_val_pr_auc": 0.0,
    "source_val_f1": 0.0,
    "target_test_source_threshold_roc_auc": 0.0746527777777779,
    "target_test_source_threshold_pr_auc": 0.23846081614463965,
    "target_test_source_threshold_f1": 0.0,
    "target_test_target_calibrated_roc_auc": 0.0746527777777779,
    "target_test_target_calibrated_pr_auc": 0.23846081614463965,
    "target_test_target_calibrated_f1": 0.0
  },
  "target_threshold_before_info": {
    "mode": "upper_tail_gap",
    "raw_candidate": 0.3767984062433243,
    "tail_size": 8,
    "tail_min": 0.3759409189224243,
    "tail_max": 0.3770134449005127,
    "max_gap": 0.00043007731437683105
  },
  "target_threshold_after_info": {
    "mode": "upper_tail_gap",
    "raw_candidate": 0.3722084015607834,
    "tail_size": 8,
    "tail_min": 0.37179669737815857,
    "tail_max": 0.37334150075912476,
    "max_gap": 0.0007413327693939209
  }
}