{
  "variant": "fused",
  "threshold_used_source_val": 0.38506463170051575,
  "source_anomaly_rate": 0.1125,
  "target_threshold_before": 0.37654054425656797,
  "target_threshold_after": 0.37307744696736334,
  "before": {
    "source_val": {
      "roc_auc": 1.0,
      "pr_auc": 1.0,
      "f1": 1.0,
      "tn": 71,
      "fp": 0,
      "fn": 0,
      "tp": 9
    },
    "target_test_source_threshold": {
      "roc_auc": 0.9184027777777777,
      "pr_auc": 0.6933348187759953,
      "f1": 0.18181818181818182,
      "tn": 0,
      "fp": 72,
      "fn": 0,
      "tp": 8
    },
    "target_test_target_calibrated": {
      "roc_auc": 0.9184027777777777,
      "pr_auc": 0.6933348187759953,
      "f1": 0.18181818181818182,
      "tn": 0,
      "fp": 72,
      "fn": 0,
      "tp": 8
    }
  },
  "after": {
    "source_val": {
      "roc_auc": 1.0,
      "pr_auc": 1.0,
      "f1": 1.0,
      "tn": 71,
      "fp": 0,
      "fn": 0,
      "tp": 9
    },
    "target_test_source_threshold": {
      "roc_auc": 0.9930555555555556,
      "pr_auc": 0.931795634920635,
      "f1": 0.18181818181818182,
      "tn": 0,
      "fp": 72,
      "fn": 0,
      "tp": 8
    },
    "target_test_target_calibrated": {
      "roc_auc": 0.9930555555555556,
      "pr_auc": 0.931795634920635,
      "f1": 0.18181818181818182,
      "tn": 0,
      "fp": 72,
      "fn": 0,
      "tp": 8
    }
  },
  "delta": {
    "source_val_roc_auc": 0.0,
    "source_val_pr_auc": 0.0,
    "source_val_f1": 0.0,
    "target_test_source_threshold_roc_auc": 0.0746527777777779,
    "target_test_source_threshold_pr_auc": 0.23846081614463965,
    "target_test_source_threshold_f1": 0.0,
    "target_test_target_calibrated_roc_auc": 0.0746527777777779,
    "target_test_target_calibrated_pr_auc": 0.23846081614463965,
    "target_test_target_calibrated_f1": 0.0
  }
}