{
  "variant": "fused",
  "best_threshold_source_val_f1": 0.38272380888462065,
  "best_source_val_f1": 0.7184466019417476,
  "source_val": {
    "roc_auc": 0.686875,
    "pr_auc": 0.713613509443022,
    "f1": 0.7184466019417476,
    "tn": 14,
    "fp": 26,
    "fn": 3,
    "tp": 37
  },
  "target_test": {
    "roc_auc": 0.47000000000000003,
    "pr_auc": 0.6093984069068806,
    "f1": 0.6379310344827587,
    "tn": 1,
    "fp": 39,
    "fn": 3,
    "tp": 37
  },
  "delta_roc_auc": 0.21687499999999998,
  "delta_pr_auc": 0.10421510253614141
}