{
  "variant": "raw_only",
  "preprocessing": "prep_domain_norm",
  "tfr_type": "stft",
  "variant_run_name": "raw_only",
  "experiment_name": "baseline",
  "threshold_config": 0.5,
  "threshold_used": 0.39883187413215637,
  "best_threshold_source_val_f1": 0.39883187413215637,
  "source_val": {
    "roc_auc": 1.0,
    "pr_auc": 1.0000000000000002,
    "f1": 1.0,
    "tn": 71,
    "fp": 0,
    "fn": 0,
    "tp": 9,
    "loss": 0.5426853716373443
  },
  "target_test": {
    "roc_auc": 0.8975694444444444,
    "pr_auc": 0.6686982401656315,
    "f1": 0.18181818181818182,
    "tn": 0,
    "fp": 72,
    "fn": 0,
    "tp": 8,
    "loss": 0.5669056057929993
  },
  "run_name": "raw_only"
}