{
  "variant": "tfr_only",
  "best_threshold_source_val_f1": 0.9956057245135308,
  "best_source_val_f1": 0.7,
  "source_val": {
    "roc_auc": 0.696875,
    "pr_auc": 0.7505473163273433,
    "f1": 0.7,
    "tn": 15,
    "fp": 25,
    "fn": 5,
    "tp": 35
  },
  "target_test": {
    "roc_auc": 0.653125,
    "pr_auc": 0.7227521110757176,
    "f1": 0.6346153846153846,
    "tn": 9,
    "fp": 31,
    "fn": 7,
    "tp": 33
  },
  "delta_roc_auc": 0.04375000000000007,
  "delta_pr_auc": 0.02779520525162571
}