{
  "variant": "raw_only",
  "threshold_config": 0.5,
  "threshold_used": 0.39883214235305786,
  "best_threshold_source_val_f1": 0.39883214235305786,
  "source_val": {
    "roc_auc": 1.0,
    "pr_auc": 1.0,
    "f1": 1.0,
    "tn": 71,
    "fp": 0,
    "fn": 0,
    "tp": 9,
    "loss": 0.5426836490631104
  },
  "target_test": {
    "roc_auc": 0.8975694444444444,
    "pr_auc": 0.6686982401656315,
    "f1": 0.18181818181818182,
    "tn": 0,
    "fp": 72,
    "fn": 0,
    "tp": 8,
    "loss": 0.5669031262397766
  }
}