{
  "variant": "raw_only",
  "source_val": {
    "roc_auc": 1.0,
    "pr_auc": 1.0,
    "f1": 0.0,
    "tn": 71,
    "fp": 0,
    "fn": 9,
    "tp": 0,
    "loss": 0.5426836490631104
  },
  "target_test": {
    "roc_auc": 0.9809027777777778,
    "pr_auc": 0.8751984126984127,
    "f1": 0.0,
    "tn": 72,
    "fp": 0,
    "fn": 8,
    "tp": 0,
    "loss": 0.5625967741012573
  }
}