{
  "variant": "tfr_only",
  "source_val": {
    "roc_auc": 1.0,
    "pr_auc": 1.0,
    "f1": 0.0,
    "tn": 138,
    "fp": 0,
    "fn": 18,
    "tp": 0,
    "loss": 0.3297777565625998
  },
  "target_test": {
    "roc_auc": 1.0,
    "pr_auc": 1.0,
    "f1": 0.0,
    "tn": 138,
    "fp": 0,
    "fn": 18,
    "tp": 0,
    "loss": 0.3816059305308721
  }
}