variant,target_roc_auc,target_pr_auc,target_f1
raw_only,0.8975694444444444,0.6686982401656315,0.1818181818181818
tfr_only,0.8333333333333334,0.4770833333333333,0.1818181818181818
fused,0.9184027777777776,0.6933348187759953,0.1818181818181818
