{
  "variant": "raw_only",
  "source_val": {
    "roc_auc": 0.578125,
    "pr_auc": 0.6629815917797807,
    "f1": 0.6355140186915887,
    "tn": 7,
    "fp": 33,
    "fn": 6,
    "tp": 34,
    "loss": 0.6669725835323334
  },
  "target_test": {
    "roc_auc": 0.65875,
    "pr_auc": 0.69320496233707,
    "f1": 0.6956521739130435,
    "tn": 5,
    "fp": 35,
    "fn": 0,
    "tp": 40,
    "loss": 0.656902652978897
  }
}