{
  "variant": "fused",
  "threshold_used_source_val": 0.5,
  "source_anomaly_rate": 0.1125,
  "target_threshold_before": 0.4374677836894989,
  "target_threshold_after": 0.429412841796875,
  "before": {
    "source_val": {
      "roc_auc": 1.0,
      "pr_auc": 1.0,
      "f1": 0.0,
      "tn": 71,
      "fp": 0,
      "fn": 9,
      "tp": 0
    },
    "target_test_source_threshold": {
      "roc_auc": 0.9184027777777777,
      "pr_auc": 0.6933348187759953,
      "f1": 0.0,
      "tn": 72,
      "fp": 0,
      "fn": 8,
      "tp": 0
    },
    "target_test_target_calibrated": {
      "roc_auc": 0.9184027777777777,
      "pr_auc": 0.6933348187759953,
      "f1": 0.5454545454545454,
      "tn": 72,
      "fp": 0,
      "fn": 5,
      "tp": 3
    }
  },
  "after": {
    "source_val": {
      "roc_auc": 1.0,
      "pr_auc": 1.0,
      "f1": 0.0,
      "tn": 71,
      "fp": 0,
      "fn": 9,
      "tp": 0
    },
    "target_test_source_threshold": {
      "roc_auc": 0.9826388888888888,
      "pr_auc": 0.8799603174603174,
      "f1": 0.0,
      "tn": 72,
      "fp": 0,
      "fn": 8,
      "tp": 0
    },
    "target_test_target_calibrated": {
      "roc_auc": 0.9826388888888888,
      "pr_auc": 0.8799603174603174,
      "f1": 0.6153846153846154,
      "tn": 71,
      "fp": 1,
      "fn": 4,
      "tp": 4
    }
  },
  "delta": {
    "source_val_roc_auc": 0.0,
    "source_val_pr_auc": 0.0,
    "source_val_f1": 0.0,
    "target_test_source_threshold_roc_auc": 0.06423611111111116,
    "target_test_source_threshold_pr_auc": 0.1866254986843221,
    "target_test_source_threshold_f1": 0.0,
    "target_test_target_calibrated_roc_auc": 0.06423611111111116,
    "target_test_target_calibrated_pr_auc": 0.1866254986843221,
    "target_test_target_calibrated_f1": 0.06993006993007
  },
  "target_threshold_before_info": {
    "mode": "upper_tail_gap",
    "raw_candidate": 0.4374677836894989,
    "tail_size": 32,
    "tail_min": 0.42057183384895325,
    "tail_max": 0.44408556818962097,
    "max_gap": 0.0036847591400146484
  },
  "target_threshold_after_info": {
    "mode": "upper_tail_gap",
    "raw_candidate": 0.429412841796875,
    "tail_size": 32,
    "tail_min": 0.41232430934906006,
    "tail_max": 0.4488794505596161,
    "max_gap": 0.006442725658416748
  },
  "run_name": "fused_sfda"
}