{
  "variant": "fused",
  "source_val": {
    "roc_auc": 1.0,
    "pr_auc": 1.0,
    "f1": 0.43902439024390244,
    "tn": 0,
    "fp": 23,
    "fn": 0,
    "tp": 9,
    "loss": 0.6944352686405182
  },
  "target_test": {
    "roc_auc": 1.0,
    "pr_auc": 1.0,
    "f1": 0.358974358974359,
    "tn": 0,
    "fp": 25,
    "fn": 0,
    "tp": 7,
    "loss": 0.6958978176116943
  }
}