{
  "variant": "tfr_only",
  "source_val": {
    "roc_auc": 1.0,
    "pr_auc": 1.0,
    "f1": 0.0,
    "tn": 71,
    "fp": 0,
    "fn": 9,
    "tp": 0,
    "loss": 0.46445955634117125
  },
  "target_test": {
    "roc_auc": 0.998263888888889,
    "pr_auc": 0.9861111111111112,
    "f1": 0.0,
    "tn": 72,
    "fp": 0,
    "fn": 8,
    "tp": 0,
    "loss": 0.4571272075176239
  }
}