experiment,stage,source_val_roc_auc,target_test_roc_auc,source_val_pr_auc,target_test_pr_auc,source_val_f1,target_test_f1,delta_roc_auc,delta_pr_auc
raw_only,source_only,1.0,0.8975694444444444,1.0,0.6686982401656315,1.0,0.18181818181818182,0.10243055555555558,0.3313017598343685
tfr_only,source_only,1.0,0.8333333333333334,1.0,0.4770833333333333,1.0,0.18181818181818182,0.16666666666666663,0.5229166666666667
fused,source_only,1.0,0.9184027777777777,1.0,0.6933348187759953,1.0,0.18181818181818182,0.08159722222222232,0.30666518122400466
fused,sfda_minimal,1.0,0.9791666666666667,1.0,0.8654761904761905,1.0,0.6666666666666666,0.02083333333333326,0.1345238095238095
