experiment,stage,source_val_roc_auc,target_test_roc_auc,source_val_pr_auc,target_test_pr_auc,source_val_f1,target_test_f1,delta_roc_auc,delta_pr_auc
raw_only,source_only,1.0,0.8975694444444444,1.0,0.6686982401656315,1.0,0.18181818181818182,0.10243055555555558,0.3313017598343685
tfr_only,source_only,1.0,0.8333333333333334,1.0,0.4770833333333333,1.0,0.18181818181818182,0.16666666666666663,0.5229166666666667
fused,source_only,1.0,0.9756944444444444,1.0,0.8498397435897436,1.0,0.2318840579710145,0.02430555555555558,0.15016025641025643
fused,sfda_minimal,1.0,0.9340277777777778,1.0,0.6470914502164502,0.0,0.0,0.06597222222222221,0.3529085497835498
