experiment,stage,source_val_roc_auc,target_test_roc_auc,source_val_pr_auc,target_test_pr_auc,source_val_f1,target_test_f1,delta_roc_auc,delta_pr_auc
raw_only,source_only,0.578125,0.65875,0.6629815917797807,0.69320496233707,0.6355140186915887,0.6956521739130435,-0.08062499999999995,-0.030223370557289297
tfr_only,source_only,0.696875,0.653125,0.7505473163273433,0.7227521110757176,0.6666666666666666,0.6666666666666666,0.04375000000000007,0.02779520525162571
fused,source_only,1.0,0.9930555555555556,1.0,0.931795634920635,0.0,0.0,0.00694444444444442,0.068204365079365
fused,sfda_minimal,1.0,0.9930555555555556,1.0,0.931795634920635,0.0,0.0,0.00694444444444442,0.068204365079365
