{
  "variant": "raw_only",
  "source_val": {
    "roc_auc": 1.0,
    "pr_auc": 0.9999999999999999,
    "f1": 0.0,
    "tn": 162,
    "fp": 0,
    "fn": 10,
    "tp": 0,
    "loss": 0.24079253888407418
  },
  "target_test": {
    "roc_auc": 1.0,
    "pr_auc": 0.9999999999999999,
    "f1": 0.0,
    "tn": 162,
    "fp": 0,
    "fn": 10,
    "tp": 0,
    "loss": 0.24250700307446857
  }
}