{
  "variant": "fused",
  "threshold_used": 0.38272380888462065,
  "before": {
    "source_val": {
      "roc_auc": 0.686875,
      "pr_auc": 0.713613509443022,
      "f1": 0.7184466019417476,
      "tn": 14,
      "fp": 26,
      "fn": 3,
      "tp": 37
    },
    "target_test": {
      "roc_auc": 0.470625,
      "pr_auc": 0.6096238971029591,
      "f1": 0.6379310344827587,
      "tn": 1,
      "fp": 39,
      "fn": 3,
      "tp": 37
    }
  },
  "after": {
    "source_val": {
      "roc_auc": 0.6524999999999999,
      "pr_auc": 0.7547749132405303,
      "f1": 0.3673469387755102,
      "tn": 40,
      "fp": 0,
      "fn": 31,
      "tp": 9
    },
    "target_test": {
      "roc_auc": 0.62,
      "pr_auc": 0.7185139846306312,
      "f1": 0.3673469387755102,
      "tn": 40,
      "fp": 0,
      "fn": 31,
      "tp": 9
    }
  },
  "delta": {
    "source_val_roc_auc": -0.034375000000000155,
    "source_val_pr_auc": 0.04116140379750821,
    "source_val_f1": -0.35109966316623736,
    "target_test_roc_auc": 0.14937499999999998,
    "target_test_pr_auc": 0.10889008752767215,
    "target_test_f1": -0.27058409570724845
  }
}