{
  "variant": "tfr_only",
  "preprocessing": "prep_base",
  "tfr_type": "cwt",
  "dataset_id": "mafaulda_cross_domain",
  "representation": "cwt_scalogram",
  "adaptation": "source_only",
  "variant_run_name": "tfr_only_cwt",
  "experiment_name": "baseline",
  "threshold_config": 0.5,
  "threshold_used": 0.21724775433540344,
  "best_threshold_source_val_f1": 0.21724775433540344,
  "source_val": {
    "roc_auc": 0.9874804381846636,
    "pr_auc": 0.9333333333333333,
    "f1": 0.875,
    "tn": 71,
    "fp": 0,
    "fn": 2,
    "tp": 7,
    "loss": 0.38341931700706483
  },
  "target_test": {
    "roc_auc": 0.7100694444444444,
    "pr_auc": 0.25336413586413586,
    "f1": 0.0,
    "tn": 72,
    "fp": 0,
    "fn": 8,
    "tp": 0,
    "loss": 0.3659350872039795
  },
  "run_name": "tfr_only"
}