epoch,train_loss,source_val_loss,source_val_roc_auc,source_val_pr_auc,source_val_f1
1,0.7593052883942922,0.46452802419662476,1.0,1.0,0.0
2,0.32269810835520424,0.3071324598044157,1.0,1.0,0.0
3,0.16973171830177308,0.20309859942644834,1.0,1.0,0.0
4,0.10607682541012764,0.11750333681702614,1.0,1.0,0.6153846153846154
5,0.07451615879933039,0.09286093451082707,1.0,1.0,0.875
6,0.05568930630882581,0.0689783318899572,1.0,1.0,0.875
7,0.04639236479997635,0.05443739527836442,1.0,1.0,0.875
8,0.03524030956129233,0.038105126656591895,1.0,1.0,0.875
9,0.03422745900849501,0.03321997169405222,1.0,1.0,0.9411764705882353
10,0.02514832839369774,0.033039803802967074,1.0,1.0,1.0
11,0.03439364805817604,0.08318912535905838,1.0,1.0,1.0
12,0.02167213105907043,0.0716357447206974,1.0,1.0,1.0
13,0.017500245571136476,0.36633284091949464,1.0,1.0,0.9473684210526315
14,0.029908548047145208,0.02942351369129028,1.0,1.0,0.875
15,0.030961165918658176,0.013678943482227623,1.0,1.0,1.0
16,0.02507408264403542,0.01988391187041998,1.0,1.0,1.0
17,0.023078109323978423,0.056542426347732544,1.0,1.0,1.0
18,0.01718566535661618,0.0980493739247322,1.0,1.0,1.0
19,0.023407653315613668,0.19383792579174042,1.0,1.0,1.0
20,0.013051067075381676,0.09339221119880677,1.0,1.0,1.0
