{
  "variant": "fused",
  "threshold_config": 0.5,
  "threshold_used": 0.017108235508203506,
  "best_threshold_source_val_f1": 0.017108235508203506,
  "source_val": {
    "roc_auc": 1.0,
    "pr_auc": 1.0,
    "f1": 1.0,
    "tn": 71,
    "fp": 0,
    "fn": 0,
    "tp": 9,
    "loss": 0.3605917961336672
  },
  "target_test": {
    "roc_auc": 0.9756944444444444,
    "pr_auc": 0.8498397435897436,
    "f1": 0.2318840579710145,
    "tn": 19,
    "fp": 53,
    "fn": 0,
    "tp": 8,
    "loss": 0.3144882574677467
  }
}