{
  "variant": "fused",
  "source_val": {
    "roc_auc": 1.0,
    "pr_auc": 1.0,
    "f1": 0.0,
    "tn": 71,
    "fp": 0,
    "fn": 9,
    "tp": 0,
    "loss": 0.5199020624160766
  },
  "target_test": {
    "roc_auc": 0.9184027777777777,
    "pr_auc": 0.6933348187759953,
    "f1": 0.0,
    "tn": 72,
    "fp": 0,
    "fn": 8,
    "tp": 0,
    "loss": 0.5586141705513
  }
}