{
  "variant": "fused",
  "threshold_config": 0.5,
  "threshold_used": 7.386250945273787e-05,
  "best_threshold_source_val_f1": 7.386250945273787e-05,
  "source_val": {
    "roc_auc": 1.0,
    "pr_auc": 1.0,
    "f1": 1.0,
    "tn": 71,
    "fp": 0,
    "fn": 0,
    "tp": 9,
    "loss": 0.8106877071160852
  },
  "target_test": {
    "roc_auc": 0.8628472222222221,
    "pr_auc": 0.6376280066682544,
    "f1": 0.18181818181818182,
    "tn": 0,
    "fp": 72,
    "fn": 0,
    "tp": 8,
    "loss": 0.2776058465242386
  }
}