{
  "variant": "tfr_only",
  "source_val": {
    "roc_auc": 0.696875,
    "pr_auc": 0.7505473163273433,
    "f1": 0.6666666666666666,
    "tn": 0,
    "fp": 40,
    "fn": 0,
    "tp": 40,
    "loss": 2.73672042414546
  },
  "target_test": {
    "roc_auc": 0.653125,
    "pr_auc": 0.7227521110757176,
    "f1": 0.6666666666666666,
    "tn": 0,
    "fp": 40,
    "fn": 0,
    "tp": 40,
    "loss": 2.865312750823796
  }
}