{
  "variant": "fused",
  "source_val": {
    "roc_auc": 1.0,
    "pr_auc": 1.0,
    "f1": 0.0,
    "tn": 71,
    "fp": 0,
    "fn": 9,
    "tp": 0,
    "loss": 0.49687986969947817
  },
  "target_test": {
    "roc_auc": 1.0,
    "pr_auc": 1.0,
    "f1": 0.0,
    "tn": 71,
    "fp": 0,
    "fn": 9,
    "tp": 0,
    "loss": 0.4997283697128296
  }
}