epoch,train_loss,source_val_loss,source_val_roc_auc,source_val_pr_auc,source_val_f1
1,0.49247602621714276,0.5426833808422089,1.0,1.0,0.0
2,0.2235917309919993,0.2956650108098984,1.0,1.0,0.0
3,0.14448622862497965,0.22133855037391187,1.0,1.0,0.0
4,0.10733048096299172,0.21673319484107195,1.0,1.0,0.0
5,0.08713727295398713,0.1887428503483534,1.0,1.0,0.6153846153846154
6,0.07317458031078179,0.16327302316203712,1.0,1.0,0.6153846153846154
7,0.05344099166492621,0.12292333776131273,1.0,1.0,0.6153846153846154
8,0.04757689436276754,0.09200276951305568,1.0,1.0,0.8
9,0.04183334248761336,0.06777081876061856,1.0,1.0,0.875
10,0.034294921159744265,0.05293857953511179,1.0,1.0,0.875
11,0.03550314847379923,0.0454655721783638,1.0,1.0,0.875
12,0.02490785208841165,0.039831289742141965,1.0,1.0,0.875
13,0.021066076681017877,0.035845118062570694,1.0,1.0,0.875
14,0.021531518083065748,0.031586793274618684,1.0,1.0,0.875
15,0.019675032406424483,0.02725302770268172,1.0,1.0,0.875
16,0.020023627703388534,0.025217154319398104,1.0,1.0,0.875
17,0.012913474533706903,0.022464141133241355,1.0,1.0,0.875
18,0.011091484393303593,0.018234652397222818,1.0,1.0,1.0
19,0.009916596362988155,0.015641548903658986,1.0,1.0,1.0
20,0.007988360221497714,0.01819787184940651,1.0,1.0,1.0
