{
  "variant": "fused",
  "experiment_name": "N15_M07_F10__to__N09_M07_F10__binary_vibration",
  "run_name": "run_003_repr_sweep",
  "threshold_config": 0.5,
  "threshold_used": 0.8848375678062439,
  "best_threshold_source_val_f1": 0.8848375678062439,
  "source_val": {
    "roc_auc": 0.9965046237090787,
    "pr_auc": 0.996488333996605,
    "f1": 0.9727064448650264,
    "tn": 9655,
    "fp": 328,
    "fn": 220,
    "tp": 9765,
    "loss": 0.31238132491517506
  },
  "target_test": {
    "roc_auc": 1.0,
    "pr_auc": 1.0,
    "f1": 1.0,
    "tn": 9959,
    "fp": 0,
    "fn": 0,
    "tp": 9941,
    "loss": 0.038440364544092345
  }
}